{
    "N": [
        2,
        3,
        4,
        5,
        6,
        7,
        8,
        9,
        10,
        11,
        12,
        13,
        14,
        15,
        16,
        17,
        18,
        19,
        20,
        21,
        22,
        23,
        24,
        25
    ],
    "E": [
        [
            3.347907291737038,
            16.65208722105611
        ],
        [
            1.9002357527086748,
            16.382092622800783,
            43.21764071243845
        ],
        [
            1.7940697980217117,
            8.859064296822435,
            42.87899201579147,
            86.46790592886634
        ],
        [
            1.5939596213156948,
            8.65892850679746,
            22.51238349437175,
            86.08861204645228,
            148.64611876847468
        ],
        [
            1.5366895011772184,
            6.865148600637719,
            22.22363085583147,
            45.794763996770385,
            148.24147266868565,
            231.3382489326011
        ],
        [
            1.520380578101462,
            6.736823950681206,
            15.993910277890222,
            45.44813211349546,
            81.14912573184631,
            230.91659816530108,
            335.7352304778769
        ],
        [
            1.4989018255365734,
            6.251742727564254,
            15.76703145319312,
            31.192621893991898,
            80.76698651461473,
            130.45266687148242,
            335.3014878675993,
            462.76856598722856
        ],
        [
            1.4985619377949082,
            6.182141374125987,
            13.42940835399904,
            30.887016799577026,
            54.72912977091123,
            130.04753391765547,
            195.20852484326304,
            462.32583370956104,
            613.1917815131098
        ],
        [
            1.493584126840592,
            6.074229442655649,
            13.269944374133283,
            24.549170129043684,
            54.37329589521217,
            88.42713971908486,
            194.78753120149625,
            276.65719151804626,
            612.7421269233866,
            787.6257386810361
        ],
        [
            1.4886970530339894,
            6.04363779791284,
            12.386152952421327,
            24.296170086300805,
            41.630912693424555,
            88.0398231373962,
            133.7808443832377,
            276.2246781479741,
            375.8435143838517,
            787.1706003543125,
            986.5947881072102
        ],
        [
            1.4882596259238103,
            6.031550432216361,
            12.28739995946492,
            21.282113200375253,
            41.309396600836905,
            66.42124041984658,
            133.3727043090359,
            192.06290455542364,
            375.40228629435074,
            493.65977027083756,
            986.1352069141739,
            1210.5469958025847
        ],
        [
            1.4829736368115067,
            6.021551360099682,
            11.99018501310655,
            21.089474825892705,
            34.45558013474611,
            66.05621463923747,
            100.33970264600413,
            191.64016511626636,
            264.3788884794595,
            493.2117372952739,
            630.8800698085159,
            1210.0837459975273,
            1459.8694964320775
        ],
        [
            1.4829449963817976,
            6.02147514389607,
            11.937543218930845,
            19.676684535746258,
            34.17787941305827,
            53.59635274720179,
            99.94681079024467,
            144.60263752480253,
            263.9454010328728,
            351.69959112474305,
            630.4265870273787,
            788.1798000314369,
            1459.4031692342155,
            1734.9031071508734
        ],
        [
            1.4797932361322375,
            6.019470077463486,
            11.861921474194109,
            19.543872021091723,
            30.380578111687246,
            53.25996754206137,
            80.07343440325285,
            144.19092764248194,
            200.28697764576836,
            351.2578829570874,
            454.88589056984114,
            787.7218572238835,
            966.1554964588161,
            1734.4341641719873,
            2035.9476803020648
        ],
        [
            1.479547281619968,
            6.015905071988674,
            11.838848800652809,
            18.93162737397214,
            30.154901506388175,
            45.7037594609245,
            79.6995692755818,
            115.03166354746749,
            199.86185924344537,
            268.3590835012642,
            454.43770284866036,
            574.7047740433991,
            965.6938418804469,
            1165.3389520390645,
            2035.4764881922079,
            2363.27139306641
        ],
        [
            1.4782457356242655,
            6.015809482800447,
            11.829239473925742,
            18.849976484178452,
            28.083656518157778,
            45.403511523807424,
            67.0143426922891,
            114.63321946401697,
            159.48717474215076,
            267.92397579604454,
            349.691577598231,
            574.25135630704,
            711.8462177951521,
            1164.8741629062736,
            1386.2044634899073,
            2362.7982464982565,
            2717.114769823807
        ],
        [
            1.477957818581623,
            6.010917195587851,
            11.82158166219416,
            18.622278449329535,
            27.91368696360651,
            40.74392104699659,
            66.66439260351127,
            95.40916139050579,
            159.07176689539097,
            214.36529399622316,
            349.24875201860584,
            445.0755320436413,
            711.3884911829338,
            866.931724878594,
            1385.7369948424764,
            1629.1819869133988,
            2716.6399115777813,
            3097.694831453839
        ],
        [
            1.477584153901319,
            6.010840655018926,
            11.82154735548584,
            18.578599280292664,
            26.844156038645785,
            40.48732407152595,
            58.30340012370955,
            95.02700818168655,
            131.83966746501224,
            213.9376042294493,
            280.5143398945012,
            444.6265805387624,
            555.2336015028083,
            866.4703872531059,
            1040.526155227881,
            1628.7122027562305,
            1894.6598649588382,
            3097.2184612797846,
            3505.2098804157786
        ],
        [
            1.4773858270475904,
            6.007225659093173,
            11.819964150573933,
            18.514649462540003,
            26.72712059457678,
            37.64651813620042,
            57.983176887068105,
            81.85758694173079,
            131.4358656649299,
            177.17562604263424,
            280.0773789951905,
            358.71456933818956,
            554.7796723649299,
            680.8241315090396,
            1040.0617532557333,
            1233.14449397874,
            1894.1880612145214,
            2182.992403445473,
            3504.7321657568955,
            3939.8392986783147
        ],
        [
            1.477325877582828,
            6.006970040336695,
            11.816880257323467,
            18.49516009951259,
            26.22565080601496,
            37.43923176224308,
            52.4072220950188,
            81.49548595341172,
            112.30857629498102,
            176.75656821680272,
            232.22402136560763,
            358.27038456720175,
            449.68840877934764,
            680.3660790333674,
            822.4540523785026,
            1232.677458362721,
            1445.2569366960847,
            2182.5188239570407,
            2494.504515106385,
            3939.360378892798,
            4401.748982945755
        ],
        [
            1.477226562647336,
